file,sitemap_lastmod,jsonld_dateModified,prose_updated,true_last_text_change
about/index.html,2026-09-07,,,2026-09-08
beginner-swim-lessons-abington-pa.html,2026-08-22,,,2026-08-30
beginner-swim-lessons-andorra-philadelphia.html,2026-08-14,,,2026-08-30
beginner-swim-lessons-asbury-park-nj.html,2026-08-14,,,2026-08-30
beginner-swim-lessons-belmar-nj.html,2026-08-14,,,2026-08-30
beginner-swim-lessons-brick-nj.html,2026-08-14,,,2026-08-30
beginner-swim-lessons-brick-township-nj.html,2026-08-14,,,2026-08-30
beginner-swim-lessons-brielle-nj.html,2026-08-14,,,2026-08-30
beginner-swim-lessons-cheltenham-pa.html,2026-08-14,,,2026-08-30
beginner-swim-lessons-howell-nj.html,2026-08-14,,,2026-08-30
beginner-swim-lessons-jenkintown-pa.html,2026-08-20,,,2026-08-30
beginner-swim-lessons-ocean-grove-nj.html,2026-08-14,,,2026-08-30
beginner-swim-lessons-spring-house-pa.html,2026-08-14,,,2026-08-30
beginner-swim-lessons/index.html,2026-08-21,,,2026-08-30
british-swim-school/jersey-shore.html,2026-08-22,,,2026-08-30
british-swim-school/northwest-philadelphia.html,2026-08-22,,,2026-08-30
common-swimming-mistakes-kids-make.html,2026-08-29,2026-08-14,,2026-08-30
contact/index.html,2026-08-14,,,2026-08-30
education/adaptive-aquatics-first-session-prep.html,2026-08-29,2026-08-21,2026-08-21,2026-08-30
education/adult-learn-to-swim.html,2026-08-24,2026-08-24,2026-08-24,2026-09-02
education/advocacy-affiliation-swim-school-test.html,2026-08-29,2026-08-24,2026-08-24,2026-08-30
education/aed-water-emergencies.html,2026-08-29,2026-07-10,2026-07-10,2026-08-30
education/apartment-pool-safety-kids.html,2026-08-29,2026-08-04,2026-08-04,2026-08-30
education/aqua-tots-nj-vs-local-swim-schools.html,2026-09-01,2026-09-01,2026-09-01,2026-09-02
education/aquatic-therapy-kids.html,2026-08-29,2026-08-21,2026-08-21,2026-08-30
education/are-puddle-jumpers-safe.html,2026-08-29,2026-07-10,2026-07-10,2026-08-30
education/asca-certification-explained.html,2026-08-31,2026-08-31,2026-08-31,2026-09-02
education/at-what-age-can-kids-swim-alone.html,2026-08-29,2026-08-24,2026-08-24,2026-08-30
education/babysitter-water-safety-checklist.html,2026-08-30,2026-08-30,2026-08-30,2026-09-02
education/back-to-school-swim-lesson-checklist.html,2026-08-29,2026-08-21,2026-08-21,2026-08-30
education/backward-design-swim-curriculum.html,2026-08-29,2026-07-12,2026-07-12,2026-08-30
education/backyard-pool-requirements-swim-instructor.html,2026-09-07,2026-09-07,2026-09-07,2026-09-09
education/backyard-water-play-safety.html,2026-08-29,2026-08-28,2026-08-28,2026-08-30
education/beach-flag-color-card.html,2026-08-29,2026-08-24,,2026-08-30
education/beach-sand-hole-collapse-safety.html,2026-08-28,2026-08-27,,2026-08-30
education/beach-warning-flags-explained.html,2026-08-29,2026-08-26,2026-08-26,2026-08-30
education/bilingual-swim-lessons-language-barrier.html,2026-08-29,2026-08-21,2026-08-21,2026-08-30
education/boating-life-jacket-safety-checklist.html,2026-08-29,2026-08-01,2026-08-01,2026-08-30
education/bucket-small-container-drowning-toddlers.html,2026-08-29,2026-08-27,2026-08-27,2026-08-30
education/child-wont-wear-life-jacket.html,2026-08-29,2026-08-27,2026-08-27,2026-08-30
education/choosing-a-swim-school.html,2026-08-31,2026-08-31,2026-08-31,2026-09-02
education/cloudy-pool-water-safety-signal.html,2026-08-29,2026-08-29,,2026-08-30
education/cognitive-benefits-early-swim-lessons.html,2026-08-29,2026-08-21,2026-08-21,2026-08-30
education/cold-water-shock.html,2026-08-29,2026-08-20,2026-08-20,2026-08-30
education/community-pool-safety-rules.html,2026-08-29,2026-08-23,2026-08-23,2026-08-30
education/community-pool-swim-lessons-vs-swim-school.html,2026-08-26,2026-08-26,,2026-08-30
education/competitive-swimming-safety.html,2026-08-29,2026-08-24,2026-08-24,2026-08-30
education/cpr-basics-parents.html,2026-08-30,2026-08-30,2026-08-30,2026-09-02
education/cruise-ship-water-safety-families.html,2026-08-29,2026-07-29,2026-07-29,2026-08-30
education/daycare-school-water-safety-questions-checklist.html,2026-08-29,2026-08-24,,2026-08-30
education/decode-swim-school-curriculum-names.html,2026-08-29,2026-08-24,2026-08-24,2026-08-30
education/deep-water-readiness-kids.html,2026-08-29,2026-08-24,2026-08-24,2026-08-30
education/distance-vs-survival-swimming.html,2026-08-23,2026-08-23,2026-08-23,2026-09-02
education/dock-swimming-safety-kids.html,2026-08-29,2026-07-13,2026-07-13,2026-08-30
education/ear-equalizing-diving-kids.html,2026-08-29,2026-08-20,2026-08-20,2026-08-30
education/electric-shock-drowning-docks.html,2026-08-29,2026-08-22,2026-08-22,2026-08-30
education/emergency-pool-action-plan.html,2026-08-30,2026-08-30,2026-08-30,2026-09-02
education/fall-swim-schedule-planner.html,2026-08-29,2026-08-03,2026-08-03,2026-08-30
education/family-swim-time-guide.html,2026-08-29,2026-08-24,2026-08-24,2026-09-06
education/fifty-year-swim-school-legacy.html,2026-08-29,2026-08-25,2026-08-25,2026-08-30
education/first-month-swim-lessons-what-to-expect.html,2026-08-29,2026-08-24,2026-08-24,2026-08-30
education/fishing-water-safety-checklist.html,2026-08-14,2026-08-12,,2026-08-30
education/floaties-puddle-jumpers-safety-checklist.html,2026-08-29,2026-08-01,2026-08-01,2026-08-30
education/floating-water-park-safety.html,2026-08-29,2026-08-15,2026-08-15,2026-08-30
education/fourth-of-july-water-safety.html,2026-08-29,2026-08-22,2026-08-22,2026-08-30
education/free-baby-swim-classes-funnel.html,2026-08-29,2026-08-25,2026-08-25,2026-08-30
education/free-water-safety-presentations-schools.html,2026-08-29,2026-08-05,2026-08-05,2026-08-30
education/free-water-safety-resources.html,2026-09-04,2026-09-04,2026-09-04,2026-09-06
education/group-vs-continuous-swim-advancement.html,2026-08-29,2026-07-16,2026-07-16,2026-08-30
education/harmful-algal-blooms-swimming.html,2026-08-29,2026-08-06,2026-08-06,2026-08-30
education/hiring-lifeguard-pool-party.html,2026-08-29,2026-08-27,2026-08-27,2026-08-30
education/homeschool-swim-lessons-pe.html,2026-08-23,2026-06-20,,2026-08-30
education/hot-tub-spa-safety-kids.html,2026-08-29,2026-08-15,2026-08-15,2026-08-30
education/hotel-pool-safety-checklist.html,2026-08-29,2026-07-25,2026-07-25,2026-08-30
education/hotel-pool-safety.html,2026-08-29,2026-08-18,2026-08-18,2026-08-30
education/how-to-teach-treading-water.html,2026-08-29,2026-08-17,2026-08-17,2026-08-30
education/hyperventilation-swimming-danger.html,2026-08-29,2026-08-15,2026-08-15,2026-08-30
education/ice-safety-cold-weather-kids.html,2026-08-29,2026-08-06,2026-08-06,2026-08-30
education/in-home-swim-lessons-explained.html,2026-08-29,2026-06-29,,2026-08-30
education/independent-swimming-readiness-checklist.html,2026-08-29,2026-08-29,,2026-08-30
education/indoor-pool-safety-checklist.html,2026-08-26,2026-08-26,,2026-08-30
education/infant-survival-swim-evidence.html,2026-08-29,2026-08-15,2026-08-15,2026-08-30
education/infant-water-safety-checklist.html,2026-08-29,2026-07-22,2026-07-22,2026-08-30
education/introducing-baby-to-pool-first-time.html,2026-08-29,2026-07-28,2026-07-28,2026-08-30
education/isr-vs-traditional-swim-lessons.html,2026-08-29,2026-08-27,2026-08-27,2026-08-30
education/jellyfish-sting-treatment-kids.html,2026-08-29,2026-08-20,2026-08-20,2026-08-30
education/jet-ski-pwc-safety-families.html,2026-08-29,2026-08-04,2026-08-04,2026-08-30
education/kayak-canoe-safety-kids.html,2026-08-29,2026-08-12,,2026-08-30
education/kick-first-vs-survival-first-swim-lessons.html,2026-08-29,2026-08-12,2026-08-12,2026-08-30
education/kids-hair-care-swimmers.html,2026-09-01,2026-09-01,2026-09-01,2026-09-02
education/kids-snorkeling-safety.html,2026-08-29,2026-08-06,2026-08-06,2026-08-30
education/lake-house-water-safety-families.html,2026-08-29,2026-07-29,2026-07-29,2026-08-30
education/lake-ocean-safety.html,2026-08-31,2026-08-31,2026-08-31,2026-09-02
education/layers-of-protection-water-safety-checklist.html,2026-08-29,2026-08-02,2026-08-02,2026-08-30
education/lazy-river-safety-kids.html,2026-08-29,2026-08-04,2026-08-04,2026-08-30
education/legal-swim-instructor-student-ratio.html,2026-08-28,2026-08-19,,2026-08-30
education/life-jacket-guide.html,2026-08-29,2026-08-26,2026-08-26,2026-08-30
education/life-jacket-sizing-guide.html,2026-08-29,2026-08-24,2026-08-24,2026-08-30
education/multi-child-swim-lesson-cost-worksheet.html,2026-08-29,2026-08-26,,2026-08-30
education/multi-child-water-supervision-plan.html,2026-08-28,2026-08-16,,2026-08-30
education/new-pool-owner-water-safety-checklist.html,2026-08-29,2026-08-05,2026-08-05,2026-08-30
education/night-swim-safety-checklist.html,2026-08-28,2026-08-22,,2026-08-30
education/nighttime-pool-safety.html,2026-08-29,2026-08-22,2026-08-22,2026-08-30
education/olympic-founder-swim-schools.html,2026-08-29,2026-07-07,2026-07-07,2026-08-30
education/paddleboard-safety-kids.html,2026-08-29,2026-08-16,2026-08-16,2026-08-30
education/parent-and-me-swim-lessons-guide.html,2026-08-29,2026-08-20,2026-08-20,2026-08-30
education/parent-cpr-water-rescue-basics.html,2026-08-30,2026-08-30,2026-08-30,2026-09-02
education/pause-freeze-swim-lessons-policies.html,2026-08-29,2026-08-27,2026-08-27,2026-08-30
education/play-based-swim-lessons-decoded.html,2026-08-29,2026-08-21,2026-08-21,2026-08-30
education/pool-alarms-safety-devices.html,2026-08-29,2026-08-14,2026-08-14,2026-08-30
education/pool-chemistry-basics-for-parents.html,2026-08-27,2026-08-27,,2026-08-30
education/pool-closing-safety-checklist.html,2026-08-29,2026-08-24,2026-08-24,2026-08-30
education/pool-code-brown-closures-explained.html,2026-08-31,2026-08-31,2026-08-31,2026-09-02
education/pool-cover-drowning-danger-kids.html,2026-08-29,2026-08-19,2026-08-19,2026-08-30
education/pool-deck-safety.html,2026-08-29,2026-08-28,2026-08-28,2026-08-30
education/pool-drain-safety.html,2026-08-29,2026-08-29,,2026-08-30
education/pool-fence-gate-inspection-checklist.html,2026-09-07,2026-09-07,2026-09-07,2026-09-09
education/pool-noodle-safety.html,2026-08-29,2026-08-23,2026-08-23,2026-08-30
education/pool-safety-rules-printable.html,2026-08-23,2026-04-08,,2026-08-30
education/pool-segregation-history-drowning-disparity.html,2026-08-29,2026-08-03,2026-08-03,2026-08-30
education/pool-skills-vs-open-water-transfer.html,2026-08-28,2026-08-27,,2026-08-30
education/pool-slide-safety.html,2026-08-29,2026-08-23,2026-08-23,2026-08-30
education/pool-to-open-water-transition-kids.html,2026-08-29,2026-07-29,2026-07-29,2026-08-30
education/pool-water-quality-checklist.html,2026-08-25,2026-08-25,,2026-08-30
education/post-lesson-practice-time.html,2026-08-29,2026-08-20,2026-08-20,2026-08-30
education/post-swim-care-for-kids.html,2026-08-29,2026-08-28,2026-08-28,2026-08-30
education/prescription-goggles-swimming-kids.html,2026-09-01,2026-09-01,2026-09-01,2026-09-02
education/project-safe-austin-ymca-free-swim-lessons.html,2026-08-29,2026-07-01,2026-07-01,2026-08-30
education/proprietary-vs-red-cross-wsi-curriculum.html,2026-08-31,2026-08-31,2026-08-31,2026-09-02
education/public-fountain-safety-kids.html,2026-08-29,2026-08-24,2026-08-24,2026-08-30
education/public-pool-hygiene.html,2026-08-29,2026-07-21,2026-07-21,2026-08-30
education/public-pool-safety-checklist.html,2026-08-29,2026-08-22,2026-08-22,2026-08-30
education/quarry-swimming-dangers.html,2026-08-29,2026-08-23,2026-08-23,2026-08-30
education/quarterly-vs-monthly-swim-lessons.html,2026-08-29,2026-07-06,,2026-08-30
education/rec-swim-to-swim-team-transition.html,2026-08-29,2026-08-21,2026-08-21,2026-08-30
education/recreational-water-illness-prevention.html,2026-08-29,2026-08-29,2026-08-29,2026-08-30
education/renting-private-pool-hourly-safety.html,2026-08-29,2026-08-06,2026-08-06,2026-08-30
education/retention-pond-water-safety.html,2026-08-29,2026-08-20,2026-08-20,2026-08-30
education/rip-current-safety-checklist.html,2026-08-29,2026-08-12,2026-08-12,2026-08-30
education/rip-current-safety.html,2026-08-23,2026-08-23,2026-08-23,2026-08-30
education/river-stream-safety-kids.html,2026-08-29,2026-08-20,2026-08-20,2026-08-30
education/rolling-recovery-jump-recovery-methods.html,2026-08-28,2026-08-28,,2026-08-30
education/rollover-breathing-vs-side-breathing.html,2026-08-29,2026-08-20,2026-08-20,2026-08-30
education/safe-diving-rules-kids.html,2026-08-23,2026-06-20,,2026-08-30
education/secondary-drowning-dry-drowning.html,2026-08-29,2026-08-16,2026-08-16,2026-08-30
education/should-kids-learn-swim-with-goggles.html,2026-08-29,2026-08-21,2026-08-21,2026-08-30
education/sick-day-swim-lesson-decision-guide.html,2026-08-29,2026-08-29,,2026-08-30
education/signs-of-drowning.html,2026-08-30,2026-08-30,2026-08-30,2026-09-02
education/silent-drowning-what-it-looks-like.html,2026-08-29,2026-08-22,2026-08-22,2026-08-30
education/six-beat-kick-swim-science.html,2026-08-26,2026-06-20,,2026-08-30
education/songs-in-infant-swim-lessons-science.html,2026-08-29,2026-08-21,2026-08-21,2026-08-30
education/special-needs-water-safety-checklist.html,2026-08-29,2026-08-18,2026-08-18,2026-08-30
education/splash-pad-safety.html,2026-08-29,2026-08-24,2026-08-24,2026-08-30
education/story-based-swim-lessons.html,2026-08-29,2026-08-03,2026-08-03,2026-08-30
education/summer-swim-lesson-prep.html,2026-08-29,2026-08-14,2026-08-14,2026-09-08
education/sunscreen-swimmers-guide.html,2026-08-29,2026-08-11,2026-08-11,2026-08-30
education/swim-bag-checklist.html,2026-09-01,2026-09-01,2026-09-01,2026-09-02
education/swim-bag-essentials.html,2026-08-29,2026-08-15,2026-08-15,2026-08-30
education/swim-cap-colors-progress-gamification.html,2026-08-23,2026-06-20,,2026-08-30
education/swim-class-ratio-by-level.html,2026-08-29,2026-08-19,2026-08-19,2026-08-30
education/swim-correctly-efficiently-confidently.html,2026-08-29,2026-08-03,2026-08-03,2026-08-30
education/swim-curriculum-credentials-decoded.html,2026-08-31,2026-08-31,2026-08-31,2026-09-02
education/swim-diapers-for-baby-swim-class.html,2026-08-29,2026-08-21,2026-08-21,2026-08-30
education/swim-instructor-questions-checklist.html,2026-08-20,2026-08-15,,2026-08-30
education/swim-lesson-annual-cost-worksheet.html,2026-08-28,2026-08-26,,2026-08-30
education/swim-lesson-enrollment-checklist.html,2026-08-29,2026-08-21,2026-08-21,2026-08-30
education/swim-lesson-family-budget-guide.html,2026-08-29,2026-08-27,2026-08-27,2026-08-30
education/swim-lesson-format-decision-worksheet.html,2026-08-28,2026-08-28,,2026-08-30
education/swim-lesson-goal-setting-worksheet.html,2026-08-24,2026-06-22,,2026-08-30
education/swim-lesson-guarantees-decoded.html,2026-08-31,2026-08-31,2026-08-31,2026-09-02
education/swim-lesson-instructor-ratio.html,2026-08-29,2026-08-26,2026-08-26,2026-08-30
education/swim-lesson-level-placement-guide.html,2026-08-24,2026-08-05,,2026-08-30
education/swim-lesson-makeup-tokens.html,2026-08-29,2026-08-27,2026-08-27,2026-08-30
education/swim-lesson-quality-checklist.html,2026-08-29,2026-08-21,,2026-08-30
education/swim-lesson-reward-chart.html,2026-08-29,2026-08-03,,2026-08-30
education/swim-lesson-scholarships-free-programs.html,2026-08-29,2026-08-27,2026-08-27,2026-08-30
education/swim-lesson-waitlists-what-to-do.html,2026-08-28,2026-07-08,,2026-08-30
education/swim-lessons-esa-529-fsa.html,2026-08-29,2026-08-20,2026-08-20,2026-08-30
education/swim-lessons-while-traveling.html,2026-08-29,2026-08-20,2026-08-20,2026-08-30
education/swim-level-translator.html,2026-08-28,2026-08-21,,2026-08-30
education/swim-milestones-checklist.html,2026-08-29,2026-08-18,2026-08-18,2026-08-30
education/swim-school-annual-fees.html,2026-08-29,2026-08-26,2026-08-26,2026-08-30
education/swim-school-cancellation-policies.html,2026-08-29,2026-08-27,2026-08-27,2026-08-30
education/swim-school-hidden-fees.html,2026-08-29,2026-08-26,2026-08-26,2026-08-30
education/swim-school-makeup-lesson-policies.html,2026-08-29,2026-08-29,2026-08-29,2026-08-30
education/swim-school-ownership-models.html,2026-08-29,2026-08-27,2026-08-27,2026-08-30
education/swim-school-policy-fine-print-checklist.html,2026-08-28,2026-08-27,,2026-08-30
education/swim-school-referral-programs.html,2026-08-29,2026-08-17,2026-08-17,2026-08-30
education/swim-school-refund-policies.html,2026-08-29,2026-08-27,2026-08-27,2026-08-30
education/swim-school-survival-tests-explained.html,2026-08-31,2026-08-31,2026-08-31,2026-09-02
education/swim-skill-retention-fade.html,2026-08-29,2026-08-14,2026-08-14,2026-08-30
education/swim-test-deep-end-readiness.html,2026-08-28,2026-08-28,,2026-08-30
education/swimmers-ear-prevention.html,2026-08-29,2026-08-14,2026-08-14,2026-08-30
education/swimmers-itch-prevention.html,2026-08-29,2026-08-06,2026-08-06,2026-08-30
education/swimming-after-eating-myth.html,2026-08-29,2026-08-03,,2026-08-30
education/swimming-ear-infections-guide.html,2026-08-29,2026-08-16,2026-08-16,2026-08-30
education/swimming-pool-fence-laws-by-state.html,2026-09-08,2026-09-09,2026-09-09,2026-09-09
education/swimming-with-down-syndrome-kids.html,2026-08-26,2026-06-20,,2026-08-30
education/swimming-with-eczema-kids.html,2026-08-26,2026-06-20,,2026-08-30
education/switching-swim-schools-checklist.html,2026-08-29,2026-08-21,2026-08-21,2026-08-30
education/teach-child-to-float.html,2026-08-14,2026-08-14,2026-08-14,2026-09-02
education/teach-the-parent-first-philosophy.html,2026-08-29,2026-07-01,2026-07-01,2026-08-30
education/teaching-kids-safe-pool-entry.html,2026-08-28,2026-08-28,,2026-08-30
education/teaching-kids-to-climb-out-pool.html,2026-08-29,2026-08-13,2026-08-13,2026-08-30
education/teaching-water-respect.html,2026-08-29,2026-08-24,2026-08-24,2026-08-30
education/teen-water-safety-checklist.html,2026-08-14,2026-06-29,,2026-08-30
education/tide-sandbar-safety-families.html,2026-08-29,2026-08-06,2026-08-06,2026-08-30
education/towable-tube-tubing-safety.html,2026-08-29,2026-08-27,2026-08-27,2026-08-30
education/underwater-swimming-safety-kids.html,2026-08-29,2026-08-06,2026-08-06,2026-08-30
education/usa-swimming-safe-sport-explained.html,2026-08-29,2026-06-29,2026-06-29,2026-08-30
education/vacation-rental-pool-safety-checklist.html,2026-08-29,2026-08-20,2026-08-20,2026-08-30
education/vet-swim-instructor-safety-checklist.html,2026-08-31,2026-08-31,2026-08-31,2026-09-02
education/video-feedback-youth-sports.html,2026-08-29,2026-08-21,2026-08-21,2026-08-30
education/watching-swim-lesson-parent-checklist.html,2026-08-29,2026-08-02,2026-08-02,2026-08-30
education/water-anxious-kids-preparation.html,2026-08-29,2026-08-20,2026-08-20,2026-08-30
education/water-safety-activities-schools.html,2026-09-04,2026-09-04,2026-09-04,2026-09-06
education/water-safety-apps-technology.html,2026-08-29,2026-08-15,2026-08-15,2026-08-30
education/water-safety-babies-under-1.html,2026-08-29,2026-08-20,2026-08-20,2026-08-30
education/water-safety-beyond-the-pool.html,2026-08-29,2026-08-24,2026-08-24,2026-08-30
education/water-safety-games-kids.html,2026-08-29,2026-08-24,2026-08-24,2026-08-30
education/water-safety-with-twins-multiples.html,2026-08-29,2026-08-06,2026-08-06,2026-08-30
education/water-wings-vs-life-jackets.html,2026-08-29,2026-07-21,2026-07-21,2026-08-30
education/wave-pool-safety-kids.html,2026-08-29,2026-08-06,2026-08-06,2026-08-30
education/wave-pool-safety.html,2026-08-29,2026-08-14,2026-08-14,2026-08-30
education/weaning-kids-off-floaties.html,2026-08-29,2026-08-22,2026-08-22,2026-08-30
education/what-is-the-model-aquatic-health-code-mahc.html,2026-08-29,2026-08-19,2026-08-19,2026-08-30
education/what-to-do-drowning-emergency.html,2026-08-20,2026-08-20,2026-08-20,2026-09-02
education/when-to-start-swim-lessons.html,2026-08-29,2026-08-22,2026-08-22,2026-08-30
education/who-sets-water-safety-standards.html,2026-08-29,2026-07-21,2026-07-21,2026-08-30
education/ymca-swim-level-names-decoded.html,2026-08-29,2026-08-27,2026-08-27,2026-08-30
education/ymca-vs-red-cross-learn-to-swim.html,2026-08-29,2026-08-19,2026-08-19,2026-08-30
for-swim-schools/index.html,2026-08-15,,,2026-08-30
how-long-does-it-take-a-child-to-learn-to-swim.html,2026-08-29,2026-08-23,,2026-08-30
how-often-should-kids-take-swim-lessons.html,2026-08-29,2026-08-23,,2026-08-30
how-to-build-water-confidence-in-children.html,2026-08-29,2026-08-14,,2026-08-30
index.html,2026-09-07,,,2026-09-08
is-it-ever-too-late-for-a-child-to-learn-to-swim.html,2026-08-29,2026-08-23,,2026-08-30
jobs/index.html,2026-08-18,,,2026-08-30
jobs/post.html,2026-08-18,,,2026-08-30
kids-swim-lessons-abington-pa.html,2026-08-22,,,2026-08-30
kids-swim-lessons-ambler-pa.html,2026-08-14,,,2026-08-30
kids-swim-lessons-asbury-park-nj.html,2026-08-14,,,2026-08-30
kids-swim-lessons-belmar-nj.html,2026-08-14,,,2026-08-30
kids-swim-lessons-brick-beaches.html,2026-08-14,,,2026-08-30
kids-swim-lessons-brick-nj.html,2026-08-14,,,2026-09-03
kids-swim-lessons-brick-township-nj.html,2026-08-14,,,2026-08-30
kids-swim-lessons-brielle-nj.html,2026-08-14,,,2026-08-30
kids-swim-lessons-cheltenham-pa.html,2026-08-14,,,2026-08-30
kids-swim-lessons-cheltenham-township-pa.html,2026-08-14,,,2026-08-30
kids-swim-lessons-elkins-park-pa.html,2026-08-14,,,2026-08-30
kids-swim-lessons-glenside-pa.html,2026-08-14,,,2026-08-30
kids-swim-lessons-howell-nj.html,2026-08-14,,,2026-08-30
kids-swim-lessons-jenkintown-pa.html,2026-08-14,,,2026-08-30
kids-swim-lessons/index.html,2026-08-22,,,2026-08-30
pool-safety-rules-for-kids.html,2026-08-29,2026-08-14,,2026-08-30
privacy/index.html,2026-08-14,,,2026-08-30
private-vs-group-swim-lessons-for-kids.html,2026-08-29,2026-08-14,,2026-08-30
questions-to-ask-a-swim-school.html,2026-08-29,2026-08-14,,2026-08-30
scholarships/index.html,2026-08-18,,,2026-08-30
signs-a-swim-program-is-good-for-beginners.html,2026-08-29,2026-08-14,,2026-08-30
signs-your-child-is-ready-for-swim-lessons.html,2026-08-29,2026-08-14,,2026-08-30
statistics/state-of-drowning-prevention/index.html,2026-08-29,2026-08-14,,2026-08-30
swim-lessons-brick-nj.html,2026-08-14,,,2026-08-30
swim-lessons-cheltenham-pa.html,2026-08-14,,,2026-08-30
swim-lessons-howell-nj.html,2026-08-14,,,2026-08-30
swim-lessons-jersey-shore.html,2026-08-22,,,2026-08-30
swim-lessons-monmouth-county-kids.html,2026-08-22,,,2026-08-30
swim-lessons-monmouth-county-nj.html,2026-08-22,,,2026-08-30
swim-lessons-ocean-county-nj.html,2026-08-22,,,2026-08-30
swim-lessons-philadelphia.html,2026-08-22,,,2026-08-30
swim-lessons-toms-river-nj.html,2026-08-22,,,2026-08-30
swimmers-hub/backstroke-complete-guide.html,2026-09-04,2026-09-04,,2026-09-05
swimmers-hub/freestyle-complete-guide.html,2026-08-29,2026-08-15,2026-08-15,2026-08-30
swimmers-hub/index.html,2026-08-28,,,2026-08-30
teens/aquatics-careers.html,2026-08-23,2026-06-23,,2026-08-30
teens/index.html,2026-08-14,,,2026-08-30
teens/lifeguard-certification.html,2026-08-23,2026-06-23,,2026-08-30
teens/scholarships.html,2026-08-18,2026-06-23,,2026-08-30
teens/swim-instructor.html,2026-08-23,2026-06-23,,2026-08-30
terms/index.html,2026-08-14,,,2026-08-30
toddler-swim-lessons-abington-pa.html,2026-08-22,,,2026-08-30
toddler-swim-lessons-ambler-pa.html,2026-08-20,,,2026-08-30
toddler-swim-lessons-andorra-philadelphia.html,2026-08-14,,,2026-08-30
toddler-swim-lessons-asbury-park-nj.html,2026-08-14,,,2026-08-30
toddler-swim-lessons-belmar-nj.html,2026-08-14,,,2026-08-30
toddler-swim-lessons-brick-nj.html,2026-08-14,,,2026-08-30
toddler-swim-lessons-brick-township-nj.html,2026-08-14,,,2026-08-30
toddler-swim-lessons-brielle-nj.html,2026-08-14,,,2026-08-30
toddler-swim-lessons-cheltenham-pa.html,2026-08-14,,,2026-08-30
toddler-swim-lessons-elkins-park-pa.html,2026-08-14,,,2026-08-30
toddler-swim-lessons-glenside-pa.html,2026-08-20,,,2026-08-30
toddler-swim-lessons-howell-nj.html,2026-08-14,,,2026-08-30
toddler-swim-lessons-jenkintown-pa.html,2026-08-14,,,2026-08-30
toddler-swim-lessons-monmouth-county-beaches.html,2026-08-14,,,2026-08-30
toddler-swim-lessons-monmouth-county-shore-towns.html,2026-08-14,,,2026-08-30
toddler-swim-lessons-northwest-philadelphia.html,2026-08-14,,,2026-08-30
toddler-swim-lessons-ocean-county-nj.html,2026-08-14,,,2026-08-30
toddler-swim-lessons-ocean-grove-nj.html,2026-08-14,,,2026-08-30
toddler-swim-lessons-philadelphia.html,2026-08-22,,,2026-08-30
toddler-swim-lessons-sea-girt-nj.html,2026-08-14,,,2026-08-30
toddler-swim-lessons-spring-house-pa.html,2026-08-14,,,2026-08-30
toddler-swim-lessons-wyndmoor-pa.html,2026-08-14,,,2026-08-30
tools/index.html,2026-09-07,,,2026-09-09
water-safety-for-toddlers.html,2026-08-29,2026-08-14,,2026-08-30
what-age-can-toddlers-start-swimming.html,2026-08-29,2026-08-14,,2026-08-30
what-happens-at-a-childs-first-swim-lesson.html,2026-08-29,2026-08-14,,2026-08-30
what-should-kids-wear-to-swim-lessons.html,2026-08-29,2026-08-14,,2026-08-30
what-to-do-if-your-child-hates-swim-lessons.html,2026-08-29,2026-08-14,,2026-08-30
when-should-kids-start-swimming.html,2026-08-29,2026-08-23,,2026-08-30
why-floating-is-important-for-kids.html,2026-08-29,2026-08-14,,2026-08-30